[
        {
            "Name": "Info",
            "Tax Type": 3,
            "Category": "Information only"
        }, {
            "Name": "Sub Total",
            "Tax Type": 4,
            "Category": "Information only"
        }, {
            "Name": "Info sum",
            "Tax Type": 6,
            "Category": "Information only"
        }, {
            "Name": "Price Block",
            "Tax Type": 12,
            "Category": "Information only"
        }, {
            "Name": "Tax 1",
            "Tax Type": 0,
            "Category": "Valued"
        }, {
            "Name": "Tax 1,2",
            "Tax Type": 5,
            "Category": "Valued"
        }, {
            "Name": "Tax 1,2,3",
            "Tax Type": 8,
            "Category": "Valued"
        }, {
            "Name": "Tax 1,2,3,4",
            "Tax Type": 14,
            "Category": "Valued"
        }, {
            "Name": "Tax 1,2,3,4,5",
            "Tax Type": 15,
            "Category": "Valued"
        }, {
            "Name": "Tax 1,3",
            "Tax Type": 10,
            "Category": "Valued"
        }, {
            "Name": "Tax 1,4",
            "Tax Type": 17,
            "Category": "Valued"
        }, {
            "Name": "Tax 2",
            "Tax Type": 1,
            "Category": "Valued"
        }, {
            "Name": "Tax 2,3",
            "Tax Type": 11,
            "Category": "Valued"
        }, {
            "Name": "Tax 2,4,5",
            "Tax Type": 16,
            "Category": "Valued"
        }, {
            "Name": "Tax 3",
            "Tax Type": 7,
            "Category": "Valued"
        }, {
            "Name": "Tax 4",
            "Tax Type": 9,
            "Category": "Valued"
        }, {
            "Name": "Tax 5",
            "Tax Type": 13,
            "Category": "Valued"
        }, {
            "Name": "Without Tax",
            "Tax Type": 2,
            "Category": "Valued"
        }
]